{"cameraMode":{"drawMode":0,"name":"Shaded","section":"Shading Mode"},"sceneLighting":true,"audioPlay":false,"sceneViewState":{"m_AlwaysRefresh":false,"showFog":true,"showSkybox":false,"showFlares":true,"showImageEffects":true,"showParticleSystems":true,"showVisualEffectGraphs":true,"m_FxEnabled":true},"in2DMode":false,"pivot":{"x":0.006145000457763672,"y":0.7315682172775269,"z":-0.6556801795959473},"rotation":{"x":-0.14226917922496797,"y":-0.5821322798728943,"z":0.1042882651090622,"w":-0.7938412427902222},"size":3.348705530166626,"orthographic":false}